,,,,,,,,,,,,,,,,,,,,,,,,,,,,,,,,,,,,,,,,,,,,,,,,,,,,,,,,,,,,,,,,,,,,,,,,,,,,,,,,,,,,,,,,,,,,,,,,,,,,,,,,,,,,,,,,,,,,,,,,,,,,,,,,,,,,,,,,,,,,,,,,,,,,,,,,,,,,,,,,,,,,,,,,,,,,
Theme: Economy & Prices,,,,,,,,,,,,,,,,,,,,,,,,,,,,,,,,,,,,,,,,,,,,,,,,,,,,,,,,,,,,,,,,,,,,,,,,,,,,,,,,,,,,,,,,,,,,,,,,,,,,,,,,,,,,,,,,,,,,,,,,,,,,,,,,,,,,,,,,,,,,,,,,,,,,,,,,,,,,,,,,,,,,,,,,,,,,
"Subject: Labour, Employment, Wages and Productivity",,,,,,,,,,,,,,,,,,,,,,,,,,,,,,,,,,,,,,,,,,,,,,,,,,,,,,,,,,,,,,,,,,,,,,,,,,,,,,,,,,,,,,,,,,,,,,,,,,,,,,,,,,,,,,,,,,,,,,,,,,,,,,,,,,,,,,,,,,,,,,,,,,,,,,,,,,,,,,,,,,,,,,,,,,,,
Topic: Unit Labour Cost (ULC),,,,,,,,,,,,,,,,,,,,,,,,,,,,,,,,,,,,,,,,,,,,,,,,,,,,,,,,,,,,,,,,,,,,,,,,,,,,,,,,,,,,,,,,,,,,,,,,,,,,,,,,,,,,,,,,,,,,,,,,,,,,,,,,,,,,,,,,,,,,,,,,,,,,,,,,,,,,,,,,,,,,,,,,,,,,
"Table Title: Unit Labour Cost Index (2015 = 100), Quarterly",,,,,,,,,,,,,,,,,,,,,,,,,,,,,,,,,,,,,,,,,,,,,,,,,,,,,,,,,,,,,,,,,,,,,,,,,,,,,,,,,,,,,,,,,,,,,,,,,,,,,,,,,,,,,,,,,,,,,,,,,,,,,,,,,,,,,,,,,,,,,,,,,,,,,,,,,,,,,,,,,,,,,,,,,,,,
,,,,,,,,,,,,,,,,,,,,,,,,,,,,,,,,,,,,,,,,,,,,,,,,,,,,,,,,,,,,,,,,,,,,,,,,,,,,,,,,,,,,,,,,,,,,,,,,,,,,,,,,,,,,,,,,,,,,,,,,,,,,,,,,,,,,,,,,,,,,,,,,,,,,,,,,,,,,,,,,,,,,,,,,,,,,
Data last updated: 13/02/2023,,,,,,,,,,,,,,,,,,,,,,,,,,,,,,,,,,,,,,,,,,,,,,,,,,,,,,,,,,,,,,,,,,,,,,,,,,,,,,,,,,,,,,,,,,,,,,,,,,,,,,,,,,,,,,,,,,,,,,,,,,,,,,,,,,,,,,,,,,,,,,,,,,,,,,,,,,,,,,,,,,,,,,,,,,,,
Source: SINGAPORE DEPARTMENT OF STATISTICS,,,,,,,,,,,,,,,,,,,,,,,,,,,,,,,,,,,,,,,,,,,,,,,,,,,,,,,,,,,,,,,,,,,,,,,,,,,,,,,,,,,,,,,,,,,,,,,,,,,,,,,,,,,,,,,,,,,,,,,,,,,,,,,,,,,,,,,,,,,,,,,,,,,,,,,,,,,,,,,,,,,,,,,,,,,,
,,,,,,,,,,,,,,,,,,,,,,,,,,,,,,,,,,,,,,,,,,,,,,,,,,,,,,,,,,,,,,,,,,,,,,,,,,,,,,,,,,,,,,,,,,,,,,,,,,,,,,,,,,,,,,,,,,,,,,,,,,,,,,,,,,,,,,,,,,,,,,,,,,,,,,,,,,,,,,,,,,,,,,,,,,,,
,,,,,,,,,,,,,,,,,,,,,,,,,,,,,,,,,,,,,,,,,,,,,,,,,,,,,,,,,,,,,,,,,,,,,,,,,,,,,,,,,,,,,,,,,,,,,,,,,,,,,,,,,,,,,,,,,,,,,,,,,,,,,,,,,,,,,,,,,,,,,,,,,,,,,,,,,,,,,,,,,,,,,,,,,,,,Index
Data Series,2022 4Q ,2022 3Q ,2022 2Q ,2022 1Q ,2021 4Q ,2021 3Q ,2021 2Q ,2021 1Q ,2020 4Q ,2020 3Q ,2020 2Q ,2020 1Q ,2019 4Q ,2019 3Q ,2019 2Q ,2019 1Q ,2018 4Q ,2018 3Q ,2018 2Q ,2018 1Q ,2017 4Q ,2017 3Q ,2017 2Q ,2017 1Q ,2016 4Q ,2016 3Q ,2016 2Q ,2016 1Q ,2015 4Q ,2015 3Q ,2015 2Q ,2015 1Q ,2014 4Q ,2014 3Q ,2014 2Q ,2014 1Q ,2013 4Q ,2013 3Q ,2013 2Q ,2013 1Q ,2012 4Q ,2012 3Q ,2012 2Q ,2012 1Q ,2011 4Q ,2011 3Q ,2011 2Q ,2011 1Q ,2010 4Q ,2010 3Q ,2010 2Q ,2010 1Q ,2009 4Q ,2009 3Q ,2009 2Q ,2009 1Q ,2008 4Q ,2008 3Q ,2008 2Q ,2008 1Q ,2007 4Q ,2007 3Q ,2007 2Q ,2007 1Q ,2006 4Q ,2006 3Q ,2006 2Q ,2006 1Q ,2005 4Q ,2005 3Q ,2005 2Q ,2005 1Q ,2004 4Q ,2004 3Q ,2004 2Q ,2004 1Q ,2003 4Q ,2003 3Q ,2003 2Q ,2003 1Q ,2002 4Q ,2002 3Q ,2002 2Q ,2002 1Q ,2001 4Q ,2001 3Q ,2001 2Q ,2001 1Q ,2000 4Q ,2000 3Q ,2000 2Q ,2000 1Q ,1999 4Q ,1999 3Q ,1999 2Q ,1999 1Q ,1998 4Q ,1998 3Q ,1998 2Q ,1998 1Q ,1997 4Q ,1997 3Q ,1997 2Q ,1997 1Q ,1996 4Q ,1996 3Q ,1996 2Q ,1996 1Q ,1995 4Q ,1995 3Q ,1995 2Q ,1995 1Q ,1994 4Q ,1994 3Q ,1994 2Q ,1994 1Q ,1993 4Q ,1993 3Q ,1993 2Q ,1993 1Q ,1992 4Q ,1992 3Q ,1992 2Q ,1992 1Q ,1991 4Q ,1991 3Q ,1991 2Q ,1991 1Q ,1990 4Q ,1990 3Q ,1990 2Q ,1990 1Q ,1989 4Q ,1989 3Q ,1989 2Q ,1989 1Q ,1988 4Q ,1988 3Q ,1988 2Q ,1988 1Q ,1987 4Q ,1987 3Q ,1987 2Q ,1987 1Q ,1986 4Q ,1986 3Q ,1986 2Q ,1986 1Q ,1985 4Q ,1985 3Q ,1985 2Q ,1985 1Q ,1984 4Q ,1984 3Q ,1984 2Q ,1984 1Q ,1983 4Q ,1983 3Q ,1983 2Q ,1983 1Q ,1982 4Q ,1982 3Q ,1982 2Q ,1982 1Q ,1981 4Q ,1981 3Q ,1981 2Q ,1981 1Q ,1980 4Q ,1980 3Q ,1980 2Q ,1980 1Q 
Unit Labour Cost Of Overall Economy,114.1,101.7,99.4,109,104.4,94.4,91.4,100.9,95.9,87.5,79.5,110,104.8,96.9,95.9,109.3,103.8,94,94.3,107.5,102.6,93.4,95.1,108.7,102.7,95.7,96,110.5,103.8,94.3,93.8,108.1,101.5,92.9,91.3,104.3,99.7,89.4,88.5,100.9,98.3,89.8,87.1,98.6,95,85.6,86,97.5,95.7,86.2,80.6,95.9,94,84.8,87.6,103.6,99.4,88.6,86,95.1,95.7,84.2,86,93.8,90.3,80.6,80.2,89.2,87.6,79.3,78.9,90,89.1,79.2,78.1,88,87.9,82.4,86.2,94,96.6,86.9,84.2,95.1,98.9,93.1,88.5,96.5,99.4,84.7,83.2,92.2,96.7,82.8,82.8,91.3,99.1,90.8,90.7,98.5,100,85.3,84.6,92.4,98.1,86.8,85.1,90.4,96,82.3,82.9,91.2,95,81.1,80.4,86.1,92,79.6,78.7,85.4,91.5,79.6,79,85,90.5,77.4,75.7,80.5,84.9,73.8,70.5,74.7,81.7,68.4,65.2,71.7,76.7,61.9,61.2,68.5,69.9,60.9,63.1,68.3,72.2,64.5,64.4,76.3,81.4,73.6,72.2,77.6,82.1,74.6,70.9,77.1,77.1,71.9,69.5,77.3,77.9,66.6,63.8,67.9,67,58.4,55.5,61.4,59.9,53.5,51.8,56.7
  Unit Labour Cost Of Goods Producing Industries,93.2,78.5,74.4,83.1,82.5,69.6,68.5,76.1,77.7,60.9,56.9,91.8,98,81.6,83.1,96.7,93.1,77.6,79.4,95.4,94.6,80,86.7,102.1,99.2,91.6,91.1,110.4,106.2,91.6,91.5,110.6,102.5,87.4,86.6,102.4,96.1,83.5,82.5,102.5,93.9,80.9,76.9,91.5,88.3,74.9,74.8,86.8,90.2,76,67.2,92.7,94.6,76.1,84.4,113.3,105.4,91.3,92.7,95,92.1,77.4,81.2,93.3,83.4,77.4,79.6,91,83.3,78.7,81.8,97.6,89.7,83.1,82.4,95.9,93.9,87.7,94.2,105.1,105.5,92.2,89.5,109.6,114.1,105.9,102.3,111.9,100.7,88.2,92.3,107.8,105.4,91.8,96.8,112,114.6,109.9,113.3,126.9,118.4,107.1,111.6,130.1,120,110.2,108.5,118.7,112.6,100.3,106.6,123.3,115.8,102.8,105.2,121,119.4,105.5,107.9,123.9,120,109.7,111.1,124,117.2,105.1,105.1,114.8,110.2,98.8,97.1,108.7,105.4,93.3,88.8,102.3,97.4,83.4,81.7,94.8,90.5,82.3,83.6,95,94,83.9,82.4,105.3,109.2,95.3,97.1,107.1,107.4,97.8,94.9,107.1,99.9,91.5,90.5,105.8,103.8,88.5,84.3,91.6,87.9,76,70.3,83,76.3,68,64.6,75.3
    Unit Labour Cost Of Manufacturing,88.5,71.2,69,77.9,80.2,64.7,63.7,71.4,79.5,58,53.2,87.8,99.5,78.3,80.5,95.5,93.4,73.6,76,93.3,94.4,74.9,83,98.9,96.9,88,88.8,108.7,108.6,89.9,90.6,111,103.7,84.8,85,102.8,96.2,81.7,81.1,105.6,98,82.7,78.2,95.5,94.4,77.9,78,91.2,98.8,80.8,69,100.8,109.6,81.9,92.5,131.2,122.1,103.1,104.5,105.3,103.9,85.6,90.2,106.8,93.4,86.2,88.3,104.4,93.1,86.9,90.6,112.5,101.3,93,91.3,108.9,107.5,97.7,106.2,119.3,121.5,102.6,98.7,125.8,132.8,121.2,115.2,127.2,112.9,94.6,97.5,117,117,96.9,100.8,120.6,128.8,119.5,123.8,142.5,132.9,118.2,121.7,147.6,136.3,123,120.9,134.9,130,112.8,119.6,141.5,135.7,117.7,118.1,140,137.8,120.7,122.7,145.6,139.8,125.7,128.4,147.5,137.3,119.3,117.5,132.6,127.2,112,111.3,126.9,118.8,104.1,100.4,118,110.9,95.4,92.1,106.7,103.1,91.8,91.7,104.1,104.9,91.1,93.4,124.6,132.5,111.8,112.8,128.6,129.9,108.8,101.8,116.1,113.8,98.7,100.4,116.2,117.5,98,93.3,104.7,102.4,84.1,78.2,95.3,91.6,78.4,75.4,88.4
    Unit Labour Cost Of Construction,149.3,138.8,131.7,136.6,134.4,121.8,120.3,122.2,97.3,123.2,146.8,107.1,101.5,98.1,99.9,104.1,100.3,95.2,97.2,104.2,100.6,99.7,102,111,109.4,99.1,96.3,111.4,101.8,93.9,94.3,110.1,103.4,96.2,95.1,103.6,101.5,93,93.1,101,91.1,82.4,81.8,90.5,82.6,76.4,79.3,88.5,79.3,72.9,74,84.3,69.6,69.8,74.5,84.2,78.8,75.2,81.5,91.2,84.8,81.3,86,84.2,88.2,84.3,93.3,88.1,89.7,88.7,93.7,85.9,88,85,90.5,84.9,83.2,80.6,88.3,92.3,85.2,83.3,88.6,86.4,84,79,84,87.4,82,81.6,90.7,97,87,85.4,92.4,95.6,87.8,88.5,92.8,95.5,87.5,83.8,92.4,97.2,88,86.9,87.2,90.4,80.2,79.7,87.6,96.2,78.9,78.1,86.9,90.9,87.9,83.1,89.3,92.5,86.6,86.7,87.8,89.7,83.9,88.4,96.6,94,86.3,88.4,84.8,86.6,89.5,84.7,78.8,83,77.5,69,69.6,80.4,72.5,68.3,69.5,78.8,72.6,67.8,57.3,67.5,64.8,59.4,63,65.3,62.8,65,67.4,75.1,63.5,64.2,62.1,75.6,67.3,62.8,61.6,65.2,58,60.5,57.2,64.8,50.2,51.6,47.1,55
    Unit Labour Cost Of Utilities,128.3,112.8,107.5,131.7,121,105.7,97.6,128.5,115.5,104.3,92,124.8,110.8,99.5,98.7,124,115,100.9,95.7,125,110.8,96.4,94.9,114.2,102.3,90.9,89.8,119.5,95.6,94.1,89.2,121.1,100.6,84.5,84.1,112.9,98,81.6,83,97.4,88.1,78,72.5,86.1,79,72.1,65.7,90.3,84.3,70.4,64.7,80.5,74,65.3,64.5,89,74.2,76.2,70.2,94.8,77.1,69.9,69.9,78.4,75.4,65.5,61,63.8,74.7,65.6,59.5,73.2,84.8,64.6,60.3,85.7,73.1,80.1,67.2,86.4,89.1,75.7,51.5,70.3,84.8,80.8,61,78.6,84.8,73.8,67.4,74.2,78.5,67.2,63.9,62.1,70.2,67.9,51.1,70.8,89.5,63,59.1,74.6,89.9,63.5,57.1,67.8,98,74.4,63.2,64.8,110.9,75,65.3,64.9,101.6,71,58.5,64.9,96.7,70.3,57.6,64.5,97.9,69.8,65,61.6,101.8,69.9,56.5,67.3,100.3,72.1,61.8,68.6,109.9,61.1,61.4,66.2,86,63.5,67.7,72.3,93.2,72.1,74,87.8,112.6,100.5,85.3,90.5,114.7,97.4,78.9,82.8,108.1,92,79.6,88.4,131.4,87.9,79.8,82.1,103.2,76.8,67.7,72,92.6,71.2,66.6,71.3
    Unit Labour Cost Of Other Goods Industries,110.8,107.2,113.3,118.1,98.8,93.9,91.6,104.6,87.4,84.4,61.3,115.6,107.3,93,107.6,113.7,108.3,98.3,106.4,119.1,114.2,93.4,107.4,112.6,109.4,106,98.8,106.2,105.9,92.5,99.4,102.3,108.6,90.5,95.1,93,101.3,88.1,91.5,100.6,104.6,94.2,93.6,103.6,104.9,101.5,95.4,97.1,114,93.9,90.6,102,90.6,98.9,102.4,99.1,109.9,102.1,97.8,98.1,97.7,94.1,92.1,88,86.6,89.7,85.1,87.8,96.7,88.6,90.3,85.6,94.1,82,97.5,99,91.7,85.3,93.2,96.7,98.3,89.9,85.7,83.5,73.5,80.2,81.9,78.4,83.1,60,69.9,68.8,77.7,64.4,69.9,76.3,78.6,74.5,76,73.9,77.5,67.9,65.9,73,71.5,66.9,69,67.5,71.6,61,66.6,69.3,74.7,59.6,62.5,59,70.4,52.3,57.1,58.7,69.2,57.5,63.8,49.5,52.8,45.4,48.7,52.4,50.6,47.6,49.5,50.5,54,50.6,55.2,54.3,52.3,45.5,45.4,52.4,48.8,44.2,49.6,54.6,51.7,48,50.6,61.5,68.9,64,63.5,64.7,63.3,61.1,59.7,68.6,66.3,61.5,56.9,59.9,58.4,50.7,49.3,50.3,41.6,38,35.1,36.7,31.2,31.8,30.4,33.9
  Unit Labour Cost Of Services Producing Industries,120.8,109.3,108.1,117.7,112.1,103.1,99.4,109.4,101.7,96.9,87.2,116.4,106.9,101.9,100.2,113.4,107.4,99.4,99.3,111.6,105.2,97.9,97.8,110.9,103.8,96.8,97.6,110.7,103,94.9,94.5,107.6,101.2,94.8,92.9,105.2,101.1,91.3,90.6,100.6,100,93.1,91,101.5,97.8,89.5,90.4,102.1,97.7,90.1,86.8,97.8,94.1,88.3,89.1,101.2,98.3,88.1,84,96,97.7,87.7,88.2,94.9,94.6,82.9,81.4,89.9,91.4,80.8,78.8,88.3,90.7,79.2,78,86.8,87.5,82.2,85.4,92.6,96,87.4,85.1,92.8,96.4,91,86,94.1,103.3,86.7,82.9,89.8,97.3,82.8,80.6,87.3,97,87.2,85.6,91.5,96.1,79.4,77,81.6,93,80.9,79.2,83,93.2,78.4,77,82.9,90.6,76,74.2,76.5,85.2,73.1,71,75.1,84.8,72,70.9,74.8,84.7,70.7,68.5,71.9,79.6,68.2,64.2,66.1,77.4,62.8,60,64.6,73.3,57.4,57.1,62.9,66.2,56.4,59.2,62.7,68.4,61.2,61.6,70.2,75.9,69.7,66.7,70.6,76.8,69.6,65.3,69.2,71.8,67.5,64.5,69.7,70.6,60.5,58.1,61.1,61.3,53.9,52.1,55.3,55.5,49.8,48.8,51.5
    Unit Labour Cost Of Wholesale & Retail Trade,108.5,93.6,94.4,101.1,101.4,91.4,87.4,96.9,96.1,88.3,71,116.8,111,98.7,97.9,112.8,108.8,96.6,98.8,114.8,105,97.7,99.8,113.3,102.9,94,99.4,117.8,105.8,91.9,92.3,110,103.3,92.4,90.9,107.1,103.3,91.3,89.9,103.8,104,91.3,89.3,110.6,108.9,91.6,93.9,110.4,107.8,92,91.8,108.9,112.5,98.3,102.3,121.4,125.4,99.7,98.3,112.5,118,97.6,97.8,110.7,108.1,91.2,92.3,103,106.2,89.9,91.4,106.2,102.1,90.8,94.7,109.2,111.9,104.7,113.8,132.8,128.8,112.4,120.6,139.6,136.3,120.9,122.6,135.1,129.6,108,113.6,134.4,131,117.3,121.1,149.8,149.1,141.2,143.5,160.8,149.9,122,124.7,142.3,138,128.8,134,146.9,133.1,120.2,125.4,139.6,131.4,123.3,127.6,143.5,138.4,129.4,131.8,140.5,148.9,135.8,138.5,151.6,131.8,114.2,116,126.6,122.9,112.5,106.6,114.6,111.7,93.2,93.2,116.2,96.9,87.2,90.1,110.9,95.4,89.7,92.6,115,98.8,95.9,96.2,124,116.5,112.2,112.8,119.7,105.8,102.9,106.8,114.2,106.1,105.4,109.8,119.2,105.5,97.2,97.6,103,92.6,83.3,81.3,88,74.6,68.3,68.4,74.5
      Unit Labour Cost Of Wholesale Trade,109.5,91.3,94.8,103.2,102.9,90,87.9,99.4,97.6,87.8,72.5,119,111.3,95.9,97.8,115,109.4,94.1,99.4,117.8,105.6,95.6,100.5,116.3,103.2,91.5,99.8,121.3,106.5,89.3,92.1,112.2,103.1,89.2,90.5,110.4,104.4,89.1,90.5,107.5,106.2,90.2,89.8,115.4,112,90.7,95.4,116.2,112.1,92,93.3,115.6,118.8,99.8,106.9,131.3,133.6,102.1,102.8,121.4,126.6,100.9,103.9,120.9,115.6,93,96.5,110.9,113.3,91.3,95.4,115.7,na,na,na,na,na,na,na,na,na,na,na,na,na,na,na,na,na,na,na,na,na,na,na,na,na,na,na,na,na,na,na,na,na,na,na,na,na,na,na,na,na,na,na,na,na,na,na,na,na,na,na,na,na,na,na,na,na,na,na,na,na,na,na,na,na,na,na,na,na,na,na,na,na,na,na,na,na,na,na,na,na,na,na,na,na,na,na,na,na,na,na,na,na,na,na,na,na,na,na,na
      Unit Labour Cost Of Retail Trade,109.8,117.7,101.9,100.6,101.2,112.4,101,93.4,95.5,99.3,90.9,112.1,112.7,117.3,102.8,102.5,106.2,111.9,96.6,98.9,102.4,108.9,96.8,97.6,102.3,107.2,96,97.3,101.3,106.4,94.8,97.6,104.6,110.4,95.7,89.6,98.6,103.9,87,84.9,91.8,96.3,87.3,83.3,89.5,95.1,83.9,78.7,82.3,88.3,81.5,71.7,75.2,81.1,72.5,69.1,77.6,78.5,69.6,64.6,69.6,72.5,60.8,58,64.5,70.9,62.1,58.8,63.9,69,61.4,56.7,na,na,na,na,na,na,na,na,na,na,na,na,na,na,na,na,na,na,na,na,na,na,na,na,na,na,na,na,na,na,na,na,na,na,na,na,na,na,na,na,na,na,na,na,na,na,na,na,na,na,na,na,na,na,na,na,na,na,na,na,na,na,na,na,na,na,na,na,na,na,na,na,na,na,na,na,na,na,na,na,na,na,na,na,na,na,na,na,na,na,na,na,na,na,na,na,na,na,na,na
    Unit Labour Cost Of Transportation & Storage,118.3,98.9,109.5,109.3,110.1,92.6,91.2,96.3,108.2,90.7,84.8,109,108.4,101.3,102.1,110.2,109.7,98.7,100.9,106.7,105.6,95,95.7,104.3,108.8,96.2,96.9,106.8,110.2,92.9,94.8,102.1,106.3,92.8,93.1,99.9,100.3,86.3,87,97.6,99.2,85.7,85.8,91.5,94.8,84.4,78.5,91.4,91.5,81.6,79.5,88.7,85.7,80.9,79.3,91.6,84.3,76.5,64.9,75.5,75.5,78.1,71.7,82.2,78.6,74.3,71.5,83.7,78.2,73.7,72.4,77.2,82.6,68.6,69.6,77.2,78.3,76.7,83.7,84.1,85.9,74.9,72,79.8,76.1,78.8,75.8,84.4,85.5,80,75.7,82.4,81.8,76,72.9,78.7,88.4,79.4,79.6,86.8,92,78.1,78.3,82.1,88.4,78.8,77.8,85.8,87.7,82.5,79.7,85,84.4,78.4,77.2,81.2,81.3,71,70.4,76.2,77.3,71.2,69.9,74.3,80.7,69,71.4,73.2,71,68,62.3,66.5,72.4,62.4,60.6,61.9,61,54.5,53.2,59.2,57.1,53.9,58.9,60,57.6,52.8,53.2,61.7,61,63,59.1,63.1,61.6,57.6,55.1,62.9,64.3,64.8,63.2,68.2,70,61.8,58.3,62.5,61.1,57.8,56.4,62.5,60.1,57.1,56.5,61.8
    Unit Labour Cost Of Accommodation & Food Services,132.7,120.7,123.6,129.6,116.4,99.7,107.2,102.2,92.2,80.8,53.7,143.2,111.8,100.8,105.1,112.2,106.4,95.5,99.6,110.6,106.4,95.8,101.2,109.3,106.6,94.2,99.2,109.3,103.2,93.3,97.5,105.9,99.7,89.1,92,102.9,100.8,89.2,86.8,95.3,97.2,85.3,85,95.5,89.7,80.7,81.9,94.9,87.4,81.6,83,92.1,84.5,76.8,80.5,90.5,86.4,77.9,76.5,85.4,79,70.7,71.8,77.9,71.4,65.9,69.2,76.8,70.6,67.3,69.8,77.5,76.9,74.9,77.1,78.9,75.3,77,97.8,80.1,77.7,74.5,74,75.5,78.2,72.9,74.3,76,71.5,67.2,69.4,71.8,73.8,74.3,73.6,76.6,80.4,78.3,78.2,80.4,76.9,70.9,71.4,73.7,75.2,70,69,69.8,70.9,63.1,65.9,68.5,67.8,60.4,63.6,64.6,62,59.2,59.8,65,60.5,57.8,59,61.4,58.3,56.1,58.1,66.4,56.2,56,57.5,60.2,54.3,51,51.8,51.1,49.7,50,51.7,53.5,51.3,51.7,55.9,57.6,57.9,55.9,57.6,61.2,62.7,59.5,60.2,60.9,60.5,56.7,56.3,60.1,55.9,50.6,49.8,48.6,43,36.6,35,34.2,32.3,28.4,26.7,25.7,23.1,20.7,20,19.8
      Unit Labour Cost Of Accommodation,123.3,103.7,108.1,123.6,109.4,82.5,82.5,88.2,78.5,60.3,56.8,154,109.2,91.3,101.5,118.9,106.3,85.2,91.8,113.2,107.3,86.5,93.8,112.3,106.4,83.9,94.9,115.4,105,85.7,95.3,114.1,100.9,82.1,88.2,108.3,101.4,81.5,81.3,94,95.5,76.8,78.5,96.4,84.5,69.9,75.1,99.6,83.6,73.2,80.1,98.1,78.9,63.7,72.3,97.2,88.6,76.6,77.3,98.6,81.8,65.9,67.1,82.9,73.6,61.2,67.9,82.4,74.8,61.3,66.1,78.5,na,na,na,na,na,na,na,na,na,na,na,na,na,na,na,na,na,na,na,na,na,na,na,na,na,na,na,na,na,na,na,na,na,na,na,na,na,na,na,na,na,na,na,na,na,na,na,na,na,na,na,na,na,na,na,na,na,na,na,na,na,na,na,na,na,na,na,na,na,na,na,na,na,na,na,na,na,na,na,na,na,na,na,na,na,na,na,na,na,na,na,na,na,na,na,na,na,na,na,na
      Unit Labour Cost Of Food & Beverage Services,141.2,132.3,134.2,136.1,123.6,112.9,124.6,111.8,103.4,99.3,55.1,137.2,115.2,107.5,107.4,109.7,107.4,103.1,105.3,110.3,106.6,101.5,105.3,107.9,106.6,99.8,101.1,106.5,102.4,97.6,98.3,101.7,99.2,93.3,93.8,100,99.9,92.8,89.5,97.9,98.4,90.8,89.3,96.7,94.8,89.5,87.6,94.6,91.6,88.1,85,89.5,89.2,84.4,83.3,86.4,85.4,78.7,76.4,79.6,79,74.9,76,76.9,71.9,70,71.5,75.6,70.1,72.4,73.6,78.7,na,na,na,na,na,na,na,na,na,na,na,na,na,na,na,na,na,na,na,na,na,na,na,na,na,na,na,na,na,na,na,na,na,na,na,na,na,na,na,na,na,na,na,na,na,na,na,na,na,na,na,na,na,na,na,na,na,na,na,na,na,na,na,na,na,na,na,na,na,na,na,na,na,na,na,na,na,na,na,na,na,na,na,na,na,na,na,na,na,na,na,na,na,na,na,na,na,na,na,na
    Unit Labour Cost Of Information & Communications,123.6,112.6,120.5,119.2,111.2,100.1,110.2,108.9,97.4,92.1,94.1,113.3,105.3,98.6,105.6,110.9,107.3,101.6,110.7,110.2,107.9,100.8,105.9,106.4,106.4,95.9,100.3,104.8,102.1,95.6,97.9,104.4,98.1,89.6,91.5,94.9,96.6,85.2,89,91.2,93.5,89,91.3,95.9,92.8,84.3,90.9,93.1,92.8,85.1,91.4,84.7,88.1,78.1,80.1,79.4,84.5,77.1,80.2,81.7,83.6,75.8,77.8,75.5,75.2,69.1,73.8,78.5,74.1,67.9,72,72.3,74.3,61.1,63.5,62.7,69.9,69.7,61.8,64.5,78.4,73.6,64.1,66.2,79,75.1,66.5,68.8,85.9,73.7,62.6,65.1,69,61,52.4,57.3,79.3,57,57.4,65.1,82.6,61.7,61.8,67.3,90.3,66.4,62.7,66.2,73.3,66.9,56,58.5,64.9,63.2,51.6,56.8,70.2,55.8,53.5,58.7,69.3,53.8,56.7,67.6,78.7,69.6,69.3,75.6,78.2,68.6,68.9,77.3,86.1,84.3,82.2,81.2,83.3,74.7,74.2,82.6,80.4,76.3,83.4,85.9,92.2,85.6,84.9,84.2,101.2,105.5,102.3,109.4,106.9,112.8,102,120.7,106.8,110.4,107.7,109.3,119.6,112.3,93,88.9,89.4,89.5,87,108.3,101.7,103.4,98.2,96.8
    Unit Labour Cost Of Finance & Insurance,112.6,101,98.8,96.1,97,91.7,91.1,91.8,92.7,89.5,83.3,92.7,97.3,95.3,95.7,96.9,101.7,96,98.2,97.4,100.6,94,99.2,101.7,103.3,100.1,101.2,100.4,102.5,98.2,100.5,98.9,102.4,100,100,101.6,102.4,99.8,101.2,99.4,110.5,111,111.9,114.9,108.3,108.7,112.8,117.1,112.3,109.1,102.3,108.9,96,104.6,105.2,114.7,99.4,104.3,101.5,105.5,119.2,105.2,117.5,114.9,116.5,95.7,99.9,101.8,106,100.2,96.1,97.7,97,84.9,85.5,86,85.3,78.8,86.4,91.7,97.6,94.2,98.4,93.8,103.7,96.8,93.6,87,116.5,98.4,98,94.2,108.1,85.6,91,86.4,90.6,90,86.7,87.5,82.8,68,62.2,61.5,72.2,66.7,68.3,64.3,73.8,60,63.3,66.6,68.1,56.6,58,54.7,57.9,49.7,51.2,52.5,51.2,45.4,49,50.6,55.5,50.3,49.1,49.9,56.3,47.5,47.5,44.8,56.4,48.2,46.7,53.2,61.2,45,45,50.9,58.7,38.5,40.7,45.2,62,46.4,45.4,53.9,63.9,47,51.8,55.6,76.6,58.2,58.2,58.5,71.1,52.9,49.7,53.1,62.8,47.7,47.7,51,55.2,38.2,39.3,41,56.2,43.4,42.6,44.8
"    Unit Labour Cost Of Real Estate, Professional Services And Administrative & Support Services",139.5,127,129.8,141.3,137.5,124.8,118.3,131,119.9,112,101.5,126.8,117,104.6,106.3,119.2,111.2,97.7,100,110.9,108.1,95.2,96.6,109.6,106.6,93.5,95.7,106.1,101.7,92.8,95.3,110.2,104.3,94.8,97.1,109.5,106.2,91.3,92.3,101.5,101.2,92.7,92.5,99.2,95,84.9,89.8,99.3,96.7,89.4,87.8,94.5,95.1,83.6,86.1,94.7,98.7,86.6,87.6,97.5,100.2,89.1,89.6,98.3,100.9,89,86.4,87.6,94.2,79.5,75.9,80.6,91.4,79.1,75.2,79.6,82.4,75.3,75.3,80.9,83.7,76.2,72.5,82.4,88.4,80.8,79.2,92,98.8,80.8,75.7,84.9,88.6,73.1,67.3,73.9,79.4,67.5,64.1,69.6,73.9,63.3,61.7,66.5,73.8,62.3,60.4,66.3,76.8,63.3,62.6,64.7,72.2,56.7,55.2,56.1,68,55,53.1,52.9,64.5,49.7,46.8,48,61.8,48.5,46.6,48.1,55.5,44.5,41.1,41.6,47.8,35.4,34.2,34.7,44.6,33.5,32.5,33.5,37.5,34.2,35.8,33.3,37,39,39.4,40.9,44.9,40,35.7,41,49,43.9,39.9,41.2,40.8,36.4,34.1,35.5,36.6,31.2,29,31.1,36.9,31.7,30.9,32.5,31.3,27.8,26.2,27.8
      Unit Labour Cost Of Real Estate,96.5,82.5,92.9,103.4,108.4,89.6,90.7,99,100.7,103.8,92.5,130.2,115.3,102.7,107.8,119.6,116.6,97.4,103.1,117.8,113.7,98.5,101.4,117.9,105.5,87.7,93.1,105.2,105.9,90.3,95.7,108.1,101.9,86.2,89.6,96.4,85.8,72.5,75.8,90,89.6,78.8,82.4,94.2,88.4,73.2,80.1,96.6,86.4,76.1,73.1,85.2,76.5,65.6,68.7,89.3,81.2,69.8,72.3,100.1,96.7,82.4,88.1,105.8,103.6,84,79.9,82.3,87.4,72.7,70.3,81.6,na,na,na,na,na,na,na,na,na,na,na,na,na,na,na,na,na,na,na,na,na,na,na,na,na,na,na,na,na,na,na,na,na,na,na,na,na,na,na,na,na,na,na,na,na,na,na,na,na,na,na,na,na,na,na,na,na,na,na,na,na,na,na,na,na,na,na,na,na,na,na,na,na,na,na,na,na,na,na,na,na,na,na,na,na,na,na,na,na,na,na,na,na,na,na,na,na,na,na,na
      Unit Labour Cost Of Professional Services,128,118.4,115.7,128,118.6,112.7,105,118.9,107.8,98.5,92.2,114.7,103.1,95.5,95.8,107.7,104.9,101.4,104.2,112.1,107.4,96.3,97.8,111.1,109.2,97,98.9,113.6,102.2,94.3,94.1,109.3,99.4,95.3,99.2,110.7,110.1,91.2,92.1,95.5,93.5,87.3,86.3,92.8,88.6,81.1,86.5,93.3,88.4,82.3,81.7,84.5,87.5,76.2,79.1,83.4,90.4,78.8,79.1,84.4,87.4,75.7,75.2,80.9,84.8,75.2,72.8,74.4,81.8,70.5,67.6,69.9,na,na,na,na,na,na,na,na,na,na,na,na,na,na,na,na,na,na,na,na,na,na,na,na,na,na,na,na,na,na,na,na,na,na,na,na,na,na,na,na,na,na,na,na,na,na,na,na,na,na,na,na,na,na,na,na,na,na,na,na,na,na,na,na,na,na,na,na,na,na,na,na,na,na,na,na,na,na,na,na,na,na,na,na,na,na,na,na,na,na,na,na,na,na,na,na,na,na,na,na
      Unit Labour Cost Of Administrative & Support Services,169,156.7,166.8,180.7,176.7,154.9,143.9,162.5,139,121.3,97.3,132.9,126.6,109.4,113.3,127.6,106.6,87.2,88.2,98.5,97.6,86.6,88.5,98.8,96,88.7,90.1,94.4,96.1,92.5,97.8,113.7,111.8,101.7,101.6,120.5,114.6,106.9,104.8,121.2,123,116.2,112.3,113.8,108.6,104,105.1,113.8,125.2,115.8,112.4,121.2,121.7,108.2,110.8,117.1,118.3,105.7,108.2,116.9,121.2,117.1,118.4,129.4,130.9,121.1,121.1,119.2,128.7,101.2,94.9,102.6,na,na,na,na,na,na,na,na,na,na,na,na,na,na,na,na,na,na,na,na,na,na,na,na,na,na,na,na,na,na,na,na,na,na,na,na,na,na,na,na,na,na,na,na,na,na,na,na,na,na,na,na,na,na,na,na,na,na,na,na,na,na,na,na,na,na,na,na,na,na,na,na,na,na,na,na,na,na,na,na,na,na,na,na,na,na,na,na,na,na,na,na,na,na,na,na,na,na,na,na
    Unit Labour Cost Of Other Services Industries,122.2,115.6,104.8,136,119.6,114,103.7,126.5,103.9,104.3,99.9,125.4,102.2,106.4,96.4,120.5,108,104.9,95.7,119,106.9,102.4,93,116.9,101.2,99.3,93.7,116.7,101.5,97.8,90.3,110.4,96.9,95.5,86,104.3,97.4,88.2,84.3,99.8,91.7,87.3,80.6,89.2,87.1,82.2,78.4,90.5,84.9,79.9,71.9,88.9,82.2,78.8,76.4,89.4,85,80.8,72.6,91,85.1,78.6,75.2,80.8,82.4,73.4,66.1,78.2,81,69.6,65.3,79.9,83.1,72,66.5,79.3,78,71.8,70.5,75.9,81,74.5,67.6,74.7,77.9,76.7,67.1,76.1,89,71.6,63.3,67.1,83.5,68.2,64,65.3,83.5,71.1,69.2,70.3,87.8,71.4,66.1,66.1,89,71.2,65.9,64.4,91.3,70,63.6,66.9,92.9,70.2,63,62.3,85.6,66.9,60.4,61,85.2,66,60.1,60.1,84.6,65.2,59.1,59.1,80.8,63.9,57.5,57.1,80.2,60.6,55.2,53.7,80.1,52.2,50.8,50.2,63.2,51.5,52.2,50.5,63.3,52.9,53.5,57.1,70.3,64.1,58.1,56.1,69.5,60.8,51.3,50.8,59.1,56.7,50.7,55,61.4,50.4,48,49.3,52.2,47.3,43.3,42.6,47.2,41.5,39.5,39.4
,,,,,,,,,,,,,,,,,,,,,,,,,,,,,,,,,,,,,,,,,,,,,,,,,,,,,,,,,,,,,,,,,,,,,,,,,,,,,,,,,,,,,,,,,,,,,,,,,,,,,,,,,,,,,,,,,,,,,,,,,,,,,,,,,,,,,,,,,,,,,,,,,,,,,,,,,,,,,,,,,,,,,,,,,,,,
Footnotes:,,,,,,,,,,,,,,,,,,,,,,,,,,,,,,,,,,,,,,,,,,,,,,,,,,,,,,,,,,,,,,,,,,,,,,,,,,,,,,,,,,,,,,,,,,,,,,,,,,,,,,,,,,,,,,,,,,,,,,,,,,,,,,,,,,,,,,,,,,,,,,,,,,,,,,,,,,,,,,,,,,,,,,,,,,,,
"The industries are classified according to SSIC 2020. For more information on ULCI methodologies, please visit Singstat website (www.singstat.gov.sg/find-data/search-by-theme/economy/labour-employment-wages-and-productivity/publications-and-methodology) to view and download related publications.",,,,,,,,,,,,,,,,,,,,,,,,,,,,,,,,,,,,,,,,,,,,,,,,,,,,,,,,,,,,,,,,,,,,,,,,,,,,,,,,,,,,,,,,,,,,,,,,,,,,,,,,,,,,,,,,,,,,,,,,,,,,,,,,,,,,,,,,,,,,,,,,,,,,,,,,,,,,,,,,,,,,,,,,,,,,
Unit Labour Cost Of Overall Economy -> Unit Labour Cost Of Goods Producing Industries -> Unit Labour Cost Of Other Goods Industries (Index):,,,,,,,,,,,,,,,,,,,,,,,,,,,,,,,,,,,,,,,,,,,,,,,,,,,,,,,,,,,,,,,,,,,,,,,,,,,,,,,,,,,,,,,,,,,,,,,,,,,,,,,,,,,,,,,,,,,,,,,,,,,,,,,,,,,,,,,,,,,,,,,,,,,,,,,,,,,,,,,,,,,,,,,,,,,,
"Comprise Agriculture, Fishing and Quarrying.",,,,,,,,,,,,,,,,,,,,,,,,,,,,,,,,,,,,,,,,,,,,,,,,,,,,,,,,,,,,,,,,,,,,,,,,,,,,,,,,,,,,,,,,,,,,,,,,,,,,,,,,,,,,,,,,,,,,,,,,,,,,,,,,,,,,,,,,,,,,,,,,,,,,,,,,,,,,,,,,,,,,,,,,,,,,
,,,,,,,,,,,,,,,,,,,,,,,,,,,,,,,,,,,,,,,,,,,,,,,,,,,,,,,,,,,,,,,,,,,,,,,,,,,,,,,,,,,,,,,,,,,,,,,,,,,,,,,,,,,,,,,,,,,,,,,,,,,,,,,,,,,,,,,,,,,,,,,,,,,,,,,,,,,,,,,,,,,,,,,,,,,,
Definitions,,,,,,,,,,,,,,,,,,,,,,,,,,,,,,,,,,,,,,,,,,,,,,,,,,,,,,,,,,,,,,,,,,,,,,,,,,,,,,,,,,,,,,,,,,,,,,,,,,,,,,,,,,,,,,,,,,,,,,,,,,,,,,,,,,,,,,,,,,,,,,,,,,,,,,,,,,,,,,,,,,,,,,,,,,,,
Unit Labour Cost:,,,,,,,,,,,,,,,,,,,,,,,,,,,,,,,,,,,,,,,,,,,,,,,,,,,,,,,,,,,,,,,,,,,,,,,,,,,,,,,,,,,,,,,,,,,,,,,,,,,,,,,,,,,,,,,,,,,,,,,,,,,,,,,,,,,,,,,,,,,,,,,,,,,,,,,,,,,,,,,,,,,,,,,,,,,,
"The average cost of labour per unit of real output. It is computed as Total Labour Cost (TLC) per unit of real Gross Value Added (GVA). Total Labour Cost consists of: Compensation of Employees (CoE), Labour Income of self-employed, Other labour related costs (e.g. Foreign Workers' Levy and net training costs) incurred by the employers, and Wage subsidies (e.g. Wage Credit Scheme, Jobs Credit Scheme and Jobs Support Scheme) that are provided to the employers. Wage subsidies reduce labour cost of employers and are netted off from TLC.",,,,,,,,,,,,,,,,,,,,,,,,,,,,,,,,,,,,,,,,,,,,,,,,,,,,,,,,,,,,,,,,,,,,,,,,,,,,,,,,,,,,,,,,,,,,,,,,,,,,,,,,,,,,,,,,,,,,,,,,,,,,,,,,,,,,,,,,,,,,,,,,,,,,,,,,,,,,,,,,,,,,,,,,,,,,
,,,,,,,,,,,,,,,,,,,,,,,,,,,,,,,,,,,,,,,,,,,,,,,,,,,,,,,,,,,,,,,,,,,,,,,,,,,,,,,,,,,,,,,,,,,,,,,,,,,,,,,,,,,,,,,,,,,,,,,,,,,,,,,,,,,,,,,,,,,,,,,,,,,,,,,,,,,,,,,,,,,,,,,,,,,,
Notation:,,,,,,,,,,,,,,,,,,,,,,,,,,,,,,,,,,,,,,,,,,,,,,,,,,,,,,,,,,,,,,,,,,,,,,,,,,,,,,,,,,,,,,,,,,,,,,,,,,,,,,,,,,,,,,,,,,,,,,,,,,,,,,,,,,,,,,,,,,,,,,,,,,,,,,,,,,,,,,,,,,,,,,,,,,,,
na   not available or not applicable,,,,,,,,,,,,,,,,,,,,,,,,,,,,,,,,,,,,,,,,,,,,,,,,,,,,,,,,,,,,,,,,,,,,,,,,,,,,,,,,,,,,,,,,,,,,,,,,,,,,,,,,,,,,,,,,,,,,,,,,,,,,,,,,,,,,,,,,,,,,,,,,,,,,,,,,,,,,,,,,,,,,,,,,,,,,
nec  not elsewhere classified,,,,,,,,,,,,,,,,,,,,,,,,,,,,,,,,,,,,,,,,,,,,,,,,,,,,,,,,,,,,,,,,,,,,,,,,,,,,,,,,,,,,,,,,,,,,,,,,,,,,,,,,,,,,,,,,,,,,,,,,,,,,,,,,,,,,,,,,,,,,,,,,,,,,,,,,,,,,,,,,,,,,,,,,,,,,
nes  not elsewhere specified,,,,,,,,,,,,,,,,,,,,,,,,,,,,,,,,,,,,,,,,,,,,,,,,,,,,,,,,,,,,,,,,,,,,,,,,,,,,,,,,,,,,,,,,,,,,,,,,,,,,,,,,,,,,,,,,,,,,,,,,,,,,,,,,,,,,,,,,,,,,,,,,,,,,,,,,,,,,,,,,,,,,,,,,,,,,
 -     nil or negligible or not significant,,,,,,,,,,,,,,,,,,,,,,,,,,,,,,,,,,,,,,,,,,,,,,,,,,,,,,,,,,,,,,,,,,,,,,,,,,,,,,,,,,,,,,,,,,,,,,,,,,,,,,,,,,,,,,,,,,,,,,,,,,,,,,,,,,,,,,,,,,,,,,,,,,,,,,,,,,,,,,,,,,,,,,,,,,,,
Notes,,,,,,,,,,,,,,,,,,,,,,,,,,,,,,,,,,,,,,,,,,,,,,,,,,,,,,,,,,,,,,,,,,,,,,,,,,,,,,,,,,,,,,,,,,,,,,,,,,,,,,,,,,,,,,,,,,,,,,,,,,,,,,,,,,,,,,,,,,,,,,,,,,,,,,,,,,,,,,,,,,,,,,,,,,,,
Numbers may not add up to the totals due to rounding.,,,,,,,,,,,,,,,,,,,,,,,,,,,,,,,,,,,,,,,,,,,,,,,,,,,,,,,,,,,,,,,,,,,,,,,,,,,,,,,,,,,,,,,,,,,,,,,,,,,,,,,,,,,,,,,,,,,,,,,,,,,,,,,,,,,,,,,,,,,,,,,,,,,,,,,,,,,,,,,,,,,,,,,,,,,,
"Data are the latest available at the time of access or download. Some statistics, particularly those for the most recent time periods, are provisional and may be subject to revision at a later date.",,,,,,,,,,,,,,,,,,,,,,,,,,,,,,,,,,,,,,,,,,,,,,,,,,,,,,,,,,,,,,,,,,,,,,,,,,,,,,,,,,,,,,,,,,,,,,,,,,,,,,,,,,,,,,,,,,,,,,,,,,,,,,,,,,,,,,,,,,,,,,,,,,,,,,,,,,,,,,,,,,,,,,,,,,,,
Values are shown in Singapore dollars (unless otherwise specified).,,,,,,,,,,,,,,,,,,,,,,,,,,,,,,,,,,,,,,,,,,,,,,,,,,,,,,,,,,,,,,,,,,,,,,,,,,,,,,,,,,,,,,,,,,,,,,,,,,,,,,,,,,,,,,,,,,,,,,,,,,,,,,,,,,,,,,,,,,,,,,,,,,,,,,,,,,,,,,,,,,,,,,,,,,,,
,,,,,,,,,,,,,,,,,,,,,,,,,,,,,,,,,,,,,,,,,,,,,,,,,,,,,,,,,,,,,,,,,,,,,,,,,,,,,,,,,,,,,,,,,,,,,,,,,,,,,,,,,,,,,,,,,,,,,,,,,,,,,,,,,,,,,,,,,,,,,,,,,,,,,,,,,,,,,,,,,,,,,,,,,,,,
Generated by: SingStat Table Builder,,,,,,,,,,,,,,,,,,,,,,,,,,,,,,,,,,,,,,,,,,,,,,,,,,,,,,,,,,,,,,,,,,,,,,,,,,,,,,,,,,,,,,,,,,,,,,,,,,,,,,,,,,,,,,,,,,,,,,,,,,,,,,,,,,,,,,,,,,,,,,,,,,,,,,,,,,,,,,,,,,,,,,,,,,,,
Date generated: 26/03/2023,,,,,,,,,,,,,,,,,,,,,,,,,,,,,,,,,,,,,,,,,,,,,,,,,,,,,,,,,,,,,,,,,,,,,,,,,,,,,,,,,,,,,,,,,,,,,,,,,,,,,,,,,,,,,,,,,,,,,,,,,,,,,,,,,,,,,,,,,,,,,,,,,,,,,,,,,,,,,,,,,,,,,,,,,,,,
Contact: info@singstat.gov.sg,,,,,,,,,,,,,,,,,,,,,,,,,,,,,,,,,,,,,,,,,,,,,,,,,,,,,,,,,,,,,,,,,,,,,,,,,,,,,,,,,,,,,,,,,,,,,,,,,,,,,,,,,,,,,,,,,,,,,,,,,,,,,,,,,,,,,,,,,,,,,,,,,,,,,,,,,,,,,,,,,,,,,,,,,,,,